motif_id	motif_alt_id	sequence_name	start	stop	strand	score	p-value	q-value	matched_sequence
Hsapiens-jaspar2018-NFKB1-MA0105.2		chr3:128493466-128493855	340	350	+	17.0674	1.59e-06		GGGGGACCCCC
Hsapiens-jaspar2018-NFKB1-MA0105.2		chr3:128493466-128493855	340	350	-	18.2135	5.96e-07		GGGGGTCCCCC
Hsapiens-jaspar2018-ESR1-MA0112.2		chr3:128493466-128493855	189	208	+	13.8065	7.64e-06		GGCCTGGGTCACACCGACAC
Mmusculus;Rnorvegicus;Hsapiens-jaspar2018-SP1-MA0079.2		chr3:128493466-128493855	317	326	+	14.1236	8.33e-06		CCCCCCCTCC
Hsapiens-jaspar2018-SP2-MA0516.1		chr3:128493466-128493855	311	325	+	16.8539	1.04e-06		GTCCCACCCCCCCTC
Hsapiens-jaspar2018-ZNF263-MA0528.1		chr3:128493466-128493855	301	321	-	17.3333	6.54e-07		GGGGGTGGGACAGGGAGAGGG
Hsapiens-jaspar2018-ESR2-MA0258.2		chr3:128493466-128493855	194	208	+	14.2809	6.79e-06		GGGTCACACCGACAC
Hsapiens-jaspar2018-SP1-MA0079.3		chr3:128493466-128493855	311	321	+	15.0674	5.01e-06		GTCCCACCCCC
Hsapiens-jaspar2018-EBF1-MA0154.3		chr3:128493466-128493855	22	35	+	14.5393	6.17e-06		TCTCCCCGGGGACC
Hsapiens-jaspar2018-ESR1-MA0112.3		chr3:128493466-128493855	193	209	+	8.73034	9.11e-06		TGGGTCACACCGACACA
Hsapiens-jaspar2018-KLF16-MA0741.1		chr3:128493466-128493855	313	323	+	14.4607	7.17e-06		CCCACCCCCCC
Hsapiens-jaspar2018-SP8-MA0747.1		chr3:128493466-128493855	313	324	+	15.3222	2.94e-06		CCCACCCCCCCT
Hsapiens-jaspar2018-ZNF740-MA0753.1		chr3:128493466-128493855	316	325	+	14.3028	7.9e-06		ACCCCCCCTC
Hsapiens-jaspar2018-NFKB1-MA0105.4		chr3:128493466-128493855	339	351	+	13.7753	2.28e-06		TGGGGGACCCCCT
Hsapiens-jaspar2018-NFKB1-MA0105.4		chr3:128493466-128493855	339	351	-	14.1573	1.96e-06		AGGGGGTCCCCCA
Hsapiens-jaspar2018-NFKB2-MA0778.1		chr3:128493466-128493855	339	351	+	14.427	5.81e-06		TGGGGGACCCCCT
Hsapiens-jaspar2018-NFKB2-MA0778.1		chr3:128493466-128493855	339	351	-	14.0112	7.21e-06		AGGGGGTCCCCCA
Hsapiens-HOCOMOCOv10-CLOCK_HUMAN.H10MO.D		chr3:128493466-128493855	304	323	-	16.9663	7.21e-07		GGGGGGGTGGGACAGGGAGA
Hsapiens-HOCOMOCOv10-EPAS1_HUMAN.H10MO.D		chr3:128493466-128493855	51	63	-	17.8652	1.29e-07		GTGAGTGCGTGTG
Hsapiens-HOCOMOCOv10-FOXO3_HUMAN.H10MO.B		chr3:128493466-128493855	273	285	+	14.7033	1.61e-06		GGCTTGTTTAGCT
Hsapiens-HOCOMOCOv10-HEN1_HUMAN.H10MO.C		chr3:128493466-128493855	149	168	-	12.5618	7.22e-06		GCGGCCACAGCTGTGTGCAC
Hsapiens-HOCOMOCOv10-KLF15_HUMAN.H10MO.D		chr3:128493466-128493855	259	275	-	17.3333	7.79e-07		GCCTGGCAGTGAGGGCG
Hsapiens-HOCOMOCOv10-KLF16_HUMAN.H10MO.D		chr3:128493466-128493855	303	321	-	16.2927	1.29e-06		GGGGGTGGGACAGGGAGAG
Hsapiens-HOCOMOCOv10-MAZ_HUMAN.H10MO.A		chr3:128493466-128493855	298	319	-	15.1468	1.77e-06		GGGTGGGACAGGGAGAGGGGCT
Hsapiens-HOCOMOCOv10-MAZ_HUMAN.H10MO.A		chr3:128493466-128493855	301	322	-	12.2385	8.17e-06		GGGGGGTGGGACAGGGAGAGGG
Hsapiens-HOCOMOCOv10-MAZ_HUMAN.H10MO.A		chr3:128493466-128493855	306	327	-	13.8349	3.6e-06		TGGAGGGGGGGTGGGACAGGGA
Hsapiens-HOCOMOCOv10-PURA_HUMAN.H10MO.D		chr3:128493466-128493855	307	323	-	15.1648	2.75e-06		GGGGGGGTGGGACAGGG
Hsapiens-HOCOMOCOv10-SP1_HUMAN.H10MO.C		chr3:128493466-128493855	291	309	-	14.6122	4.82e-06		GGGAGAGGGGCTGCGCCTG
Hsapiens-HOCOMOCOv10-SP1_HUMAN.H10MO.C		chr3:128493466-128493855	308	326	-	17.0306	8.17e-07		GGAGGGGGGGTGGGACAGG
Hsapiens-HOCOMOCOv10-SP2_HUMAN.H10MO.C		chr3:128493466-128493855	288	309	-	15.122	2.89e-06		GGGAGAGGGGCTGCGCCTGCAC
Hsapiens-HOCOMOCOv10-SP2_HUMAN.H10MO.C		chr3:128493466-128493855	293	314	-	13.9268	6.22e-06		GGACAGGGAGAGGGGCTGCGCC
Hsapiens-HOCOMOCOv10-SP2_HUMAN.H10MO.C		chr3:128493466-128493855	305	326	-	17.6016	5.1e-07		GGAGGGGGGGTGGGACAGGGAG
Hsapiens-HOCOMOCOv10-SP3_HUMAN.H10MO.B		chr3:128493466-128493855	306	325	-	15.9908	1.62e-06		GAGGGGGGGTGGGACAGGGA
Hsapiens-HOCOMOCOv10-SP3_HUMAN.H10MO.B		chr3:128493466-128493855	307	326	-	14.0092	7.25e-06		GGAGGGGGGGTGGGACAGGG
Hsapiens-HOCOMOCOv10-SP4_HUMAN.H10MO.D		chr3:128493466-128493855	300	321	-	17.4959	5.08e-07		GGGGGTGGGACAGGGAGAGGGG
Hsapiens-HOCOMOCOv10-SP4_HUMAN.H10MO.D		chr3:128493466-128493855	301	322	-	13.7805	5.07e-06		GGGGGGTGGGACAGGGAGAGGG
Hsapiens-HOCOMOCOv10-TBX15_HUMAN.H10MO.D		chr3:128493466-128493855	311	329	-	15.0826	3.03e-06		ACTGGAGGGGGGGTGGGAC
Hsapiens-HOCOMOCOv10-TBX1_HUMAN.H10MO.D		chr3:128493466-128493855	300	319	-	12.9725	7.82e-06		GGGTGGGACAGGGAGAGGGG
Hsapiens-HOCOMOCOv10-TFAP4_HUMAN.H10MO.C		chr3:128493466-128493855	154	164	+	14.8989	8.26e-06		CACAGCTGTGG
Hsapiens-HOCOMOCOv10-TFDP1_HUMAN.H10MO.D		chr3:128493466-128493855	311	332	-	14.9174	3.88e-06		GGAACTGGAGGGGGGGTGGGAC
Hsapiens-HOCOMOCOv10-WT1_HUMAN.H10MO.D		chr3:128493466-128493855	313	325	-	14.3483	6.4e-06		GAGGGGGGGTGGG
Hsapiens-HOCOMOCOv10-ZBT7A_HUMAN.H10MO.D		chr3:128493466-128493855	338	354	-	17.2247	1.32e-08		CTCAGGGGGTCCCCCAG
Hsapiens-HOCOMOCOv10-ZN148_HUMAN.H10MO.D		chr3:128493466-128493855	300	314	-	14.3034	6.72e-06		GGACAGGGAGAGGGG
Hsapiens-HOCOMOCOv10-ZN148_HUMAN.H10MO.D		chr3:128493466-128493855	312	326	-	17.7528	4.93e-07		GGAGGGGGGGTGGGA
Hsapiens-HOCOMOCOv10-ZN219_HUMAN.H10MO.D		chr3:128493466-128493855	313	324	-	14.1348	8.61e-06		AGGGGGGGTGGG
Hsapiens-HOCOMOCOv10-ZN639_HUMAN.H10MO.D		chr3:128493466-128493855	284	303	+	14.6222	4.34e-06		CTAAGTGCAGGCGCAGCCCC
Hsapiens-HOCOMOCOv10-ZN740_HUMAN.H10MO.D		chr3:128493466-128493855	313	326	-	17.6517	4.52e-07		GGAGGGGGGGTGGG
Hsapiens-SwissRegulon-BCL3.SwissRegulon		chr3:128493466-128493855	130	148	-	13.3564	5.55e-06		ATGTGCAGGGATGTGTGCG
Hsapiens-SwissRegulon-BCL3.SwissRegulon		chr3:128493466-128493855	192	210	-	13.4554	4.96e-06		GTGTGTCGGTGTGACCCAG
Hsapiens-SwissRegulon-BCL3.SwissRegulon		chr3:128493466-128493855	200	218	-	13.4554	4.96e-06		ATGGCCATGTGTGTCGGTG
Hsapiens-SwissRegulon-EBF3.SwissRegulon		chr3:128493466-128493855	24	34	-	14.236	8.75e-06		GTCCCCGGGGA
Hsapiens-SwissRegulon-EPAS1.SwissRegulon		chr3:128493466-128493855	51	63	-	17.9551	1.74e-07		GTGAGTGCGTGTG
Hsapiens-SwissRegulon-GTF2F1.SwissRegulon		chr3:128493466-128493855	297	316	-	15.1848	3.44e-06		TGGGACAGGGAGAGGGGCTG
Hsapiens-SwissRegulon-GTF2F1.SwissRegulon		chr3:128493466-128493855	300	319	-	14.0109	8.66e-06		GGGTGGGACAGGGAGAGGGG
Hsapiens-SwissRegulon-KLF15.SwissRegulon		chr3:128493466-128493855	259	275	-	16.9111	1.07e-06		GCCTGGCAGTGAGGGCG
Hsapiens-SwissRegulon-KLF16.SwissRegulon		chr3:128493466-128493855	313	323	+	14.4607	7.17e-06		CCCACCCCCCC
Hsapiens-SwissRegulon-MAZ.SwissRegulon		chr3:128493466-128493855	313	329	-	14.2022	6.37e-06		ACTGGAGGGGGGGTGGG
Hsapiens-SwissRegulon-NFKB2.SwissRegulon		chr3:128493466-128493855	339	351	+	14.427	5.81e-06		TGGGGGACCCCCT
Hsapiens-SwissRegulon-NFKB2.SwissRegulon		chr3:128493466-128493855	339	351	-	14.0112	7.21e-06		AGGGGGTCCCCCA
Hsapiens-SwissRegulon-NRF1.SwissRegulon		chr3:128493466-128493855	288	299	-	13.3119	8.47e-06		CTGCGCCTGCAC
Hsapiens-SwissRegulon-PATZ1.SwissRegulon		chr3:128493466-128493855	297	309	-	13.4045	9.77e-06		GGGAGAGGGGCTG
Hsapiens-SwissRegulon-SIN3A.SwissRegulon		chr3:128493466-128493855	303	321	-	14.3708	6.03e-06		GGGGGTGGGACAGGGAGAG
Hsapiens-SwissRegulon-SP3.SwissRegulon		chr3:128493466-128493855	306	325	-	15.9633	1.64e-06		GAGGGGGGGTGGGACAGGGA
Hsapiens-SwissRegulon-SP3.SwissRegulon		chr3:128493466-128493855	307	326	-	14	7.22e-06		GGAGGGGGGGTGGGACAGGG
Hsapiens-SwissRegulon-SP8.SwissRegulon		chr3:128493466-128493855	313	324	+	15.3222	2.94e-06		CCCACCCCCCCT
Hsapiens-SwissRegulon-TBX20.SwissRegulon		chr3:128493466-128493855	197	212	-	10.5955	6.59e-06		ATGTGTGTCGGTGTGA
Hsapiens-SwissRegulon-WT1.SwissRegulon		chr3:128493466-128493855	313	325	-	14.2584	6.78e-06		GAGGGGGGGTGGG
Hsapiens-SwissRegulon-ZNF219.SwissRegulon		chr3:128493466-128493855	313	324	-	13.8539	9.65e-06		AGGGGGGGTGGG
Hsapiens-SwissRegulon-ZNF281.SwissRegulon		chr3:128493466-128493855	311	325	+	18.9593	1.39e-07		GTCCCACCCCCCCTC
Hsapiens-SwissRegulon-ZNF281.SwissRegulon		chr3:128493466-128493855	312	326	+	17.0569	8.06e-07		TCCCACCCCCCCTCC
Hsapiens-SwissRegulon-ZNF740.SwissRegulon		chr3:128493466-128493855	316	325	+	14.3028	7.9e-06		ACCCCCCCTC
